{
    "columns": [
        "DHI",
        "DNI",
        "GHI",
        "TARGET"
    ],
    "days": 5,
    "total_error": 1.3552223841349285,
    "submission": 7.98,
    "total_submission_error": 2.260698049727558
}